{
    "input1.in": {
        "Crescente": 1.1920928955078125e-05,
        "Decrescente": 8.106231689453125e-06,
        "Eficiente": 4.9114227294921875e-05,
        "GRASP": 0.012054204940795898,
        "Exato": 0.2996037006378174
    },
    "input2.in": {
        "Crescente": 1.7642974853515625e-05,
        "Decrescente": 1.3589859008789062e-05,
        "Eficiente": 4.506111145019531e-05,
        "GRASP": 0.03583097457885742,
        "Exato": 0.831294059753418
    },
    "input3.in": {
        "Crescente": 2.47955322265625e-05,
        "Decrescente": 1.7404556274414062e-05,
        "Eficiente": 5.888938903808594e-05,
        "GRASP": 0.30441975593566895,
        "Exato": 2.0072810649871826
    },
    "input4.in": {
        "Crescente": 2.5987625122070312e-05,
        "Decrescente": 1.811981201171875e-05,
        "Eficiente": 4.887580871582031e-05,
        "GRASP": 0.0827169418334961,
        "Exato": 2.0146141052246094
    },
    "input5.in": {
        "Crescente": 4.458427429199219e-05,
        "Decrescente": 3.3855438232421875e-05,
        "Eficiente": 8.702278137207031e-05,
        "GRASP": 1.2037389278411865,
        "Exato": 1.9892325401306152
    },
    "input6.in": {
        "Crescente": 7.724761962890625e-05,
        "Decrescente": 6.937980651855469e-05,
        "Eficiente": 0.0001475811004638672,
        "GRASP": 5.439759016036987,
        "Exato": 26.85855722427368
    },
    "input7.in": {
        "Crescente": 0.00011754035949707031,
        "Decrescente": 0.00010633468627929688,
        "Eficiente": 0.0002243518829345703,
        "GRASP": 1.355621337890625,
        "Exato": 0.5989129543304443
    },
    "input8.in": {
        "Crescente": 0.00015354156494140625,
        "Decrescente": 0.0001418590545654297,
        "Eficiente": 0.00028896331787109375,
        "GRASP": 3.1560683250427246,
        "Exato": 0.7851800918579102
    },
    "input9.in": {
        "Crescente": 0.0004451274871826172,
        "Decrescente": 0.00038504600524902344,
        "Eficiente": 0.0007953643798828125,
        "GRASP": 7.355839014053345,
        "Exato": 10.90819501876831
    },
    "input10.in": {
        "Crescente": 4.5299530029296875e-05,
        "Decrescente": 3.4332275390625e-05,
        "Eficiente": 8.630752563476562e-05,
        "GRASP": 0.1295304298400879,
        "Exato": 4.878645181655884
    },
    "input11.in": {
        "Crescente": 4.5299530029296875e-05,
        "Decrescente": 3.3855438232421875e-05,
        "Eficiente": 8.177757263183594e-05,
        "GRASP": 0.2603611946105957,
        "Exato": 7.812856912612915
    },
    "input12.in": {
        "Crescente": 0.0061626434326171875,
        "Decrescente": 0.005863189697265625,
        "Eficiente": 0.009825706481933594,
        "GRASP": 4115.22610783577,
        "Exato": 2203.9879610538483
    },
    "input13.in": {
        "Crescente": 0.003582477569580078,
        "Decrescente": 0.0032308101654052734,
        "Eficiente": 0.011252164840698242,
        "GRASP": 789.132951259613,
        "Exato": 1043.0487504005432
    },
    "input14.in": {
        "Crescente": 0.003106832504272461,
        "Decrescente": 0.0028374195098876953,
        "Eficiente": 0.004795551300048828,
        "GRASP": 3905.7874019145966,
        "Exato": 431.4368472099304
    },
    "input15.in": {
        "Crescente": 0.0005202293395996094,
        "Decrescente": 0.0004303455352783203,
        "Eficiente": 0.0008594989776611328,
        "GRASP": 30.129697561264038,
        "Exato": 3.979783058166504
    },
    "input16.in": {
        "Crescente": 0.00046372413635253906,
        "Decrescente": 0.00041556358337402344,
        "Eficiente": 0.0008323192596435547,
        "GRASP": 22.595806121826172,
        "Exato": 4.037800073623657
    }
}